{
    "version": 1,
    "author": "Anonymous maker",
    "editor": "wokwi",
    "parts": [
      { "type": "wokwi-esp32-devkit-v1", "id": "esp", "top": -278.9, "left": 52.76, "attrs": {} },
      { "type": "wokwi-led", "id": "led1", "top": -262.8, "left": 3.8, "attrs": { "color": "red" } },
      {
        "type": "wokwi-resistor",
        "id": "r5",
        "top": -196.8,
        "left": -0.55,
        "rotate": 90,
        "attrs": { "value": "1000" }
      },
      {
        "type": "wokwi-dht22",
        "id": "dht1",
        "top": -258.9,
        "left": 177,
        "attrs": { "temperature": "58.7", "humidity": "77" }
      }
    ],
    "connections": [
      [ "esp:TX0", "$serialMonitor:RX", "", [] ],
      [ "esp:RX0", "$serialMonitor:TX", "", [] ],
      [ "led1:A", "r5:1", "red", [ "v0" ] ],
      [ "led1:C", "esp:GND.2", "black", [ "v0" ] ],
      [ "esp:D15", "dht1:SDA", "black", [ "h0" ] ],
      [ "esp:GND.1", "dht1:GND", "black", [ "h0" ] ],
      [ "esp:D13", "r5:2", "black", [ "h0" ] ],
      [
        "dht1:VCC",
        "esp:VIN",
        "black",
        [
          "v0",
          "h-28.8",
          "v-134.4",
          "h-115.2",
          "v134.4",
          "h-9.6",
          "v0",
          "h0",
          "v-115.2",
          "h-28.8",
          "v134.4",
          "h0",
          "v9.6"
        ]
      ]
    ],
    "dependencies": {}
  }